{
    "accuracy": 0.8041163946061036,
    "roc_auc": 0.8374757808261645,
    "confusion_matrix": [
        [
            934,
            101
        ],
        [
            175,
            199
        ]
    ],
    "cv_mean_accuracy": 0.7972991374324075,
    "cv_std_accuracy": 0.012239744735575597
}